,rawContent,caseFolding,cleaning,tweet_tokens,tweet_tokens_fdist,tweet_tokens_WSW,tweet_tokens_normalized,tweet_tokens_stemmed
1,Masa masih legend udh di lock,masa masih legend udh di lock,masa masih legend udh di lock,"['masa', 'masih', 'legend', 'udh', 'di', 'lock']",<FreqDist with 6 samples and 6 outcomes>,['lock'],['lock'],['lock']
2,GAME SAMPAH GAME PENUH KECURANGAN DARI MOONTON.,game sampah game penuh kecurangan dari moonton.,game sampah game penuh kecurangan dari moonton,"['game', 'sampah', 'game', 'penuh', 'kecurangan', 'dari', 'moonton']",<FreqDist with 6 samples and 7 outcomes>,"['sampah', 'penuh', 'kecurangan']","['sampah', 'penuh', 'kecurangan']","['sampah', 'penuh', 'curang']"
3,Makin parah sekarang banyak dark sistemm bagus main di game sebelah,makin parah sekarang banyak dark sistemm bagus main di game sebelah,makin parah sekarang banyak dark sistemm bagus main di game sebelah,"['makin', 'parah', 'sekarang', 'banyak', 'dark', 'sistemm', 'bagus', 'main', 'di', 'game', 'sebelah']",<FreqDist with 11 samples and 11 outcomes>,"['parah', 'dark', 'sistemm', 'sebelah']","['parah', 'dark', 'sistemm', 'sebelah']","['parah', 'dark', 'sistemm', 'belah']"
4,dark sytem,dark sytem,dark sytem,"['dark', 'sytem']",<FreqDist with 2 samples and 2 outcomes>,"['dark', 'sytem']","['dark', 'sytem']","['dark', 'sytem']"
5,game nya ga seru tidak bisa menyeimbangkan pemain sampai lose streak beberapa kali,game nya ga seru tidak bisa menyeimbangkan pemain sampai lose streak beberapa kali,game nya ga seru tidak bisa menyeimbangkan pemain sampai lose streak beberapa kali,"['game', 'nya', 'ga', 'seru', 'tidak', 'bisa', 'menyeimbangkan', 'pemain', 'sampai', 'lose', 'streak', 'beberapa', 'kali']",<FreqDist with 13 samples and 13 outcomes>,"['seru', 'menyeimbangkan', 'pemain', 'streak']","['seru', 'menyeimbangkan', 'pemain,', 'streak']","['seru', 'imbang', 'main', 'streak']"
6,anjing lah monton kasih tim ga imbang bngst di glori masih ada aja payer yang tolol ya minta amupun. Minta tolong untuk bisa membuat game yang draf pick yang imbang,anjing lah monton kasih tim ga imbang bngst di glori masih ada aja payer yang tolol ya minta amupun. minta tolong untuk bisa membuat game yang draf pick yang imbang,anjing lah monton kasih tim ga imbang bngst di glori masih ada aja payer yang tolol ya minta amupun minta tolong untuk bisa membuat game yang draf pick yang imbang,"['anjing', 'lah', 'monton', 'kasih', 'tim', 'ga', 'imbang', 'bngst', 'di', 'glori', 'masih', 'ada', 'aja', 'payer', 'yang', 'tolol', 'ya', 'minta', 'amupun', 'minta', 'tolong', 'untuk', 'bisa', 'membuat', 'game', 'yang', 'draf', 'pick', 'yang', 'imbang']",<FreqDist with 26 samples and 30 outcomes>,"['anjing', 'monton', 'tim', 'imbang', 'bngst', 'glori', 'payer', 'tolol', 'amupun', 'draf', 'pick', 'imbang']","['anjing', 'moonton,', 'tim', 'imbang', 'bngst', 'glori', 'payer', 'bodoh,', 'amupun', 'draf', 'pick', 'imbang']","['anjing', 'moonton', 'tim', 'imbang', 'bngst', 'glori', 'payer', 'bodoh', 'amupun', 'draf', 'pick', 'imbang']"
7,Lebih mending main Honor of King ini mah banyak dark sistemnya,lebih mending main honor of king ini mah banyak dark sistemnya,lebih mending main honor of king ini mah banyak dark sistemnya,"['lebih', 'mending', 'main', 'honor', 'of', 'king', 'ini', 'mah', 'banyak', 'dark', 'sistemnya']",<FreqDist with 11 samples and 11 outcomes>,"['mending', 'honor', 'of', 'king', 'dark', 'sistemnya']","['lebihbaik,', 'honor', 'of', 'king', 'dark', 'sistemnya']","['lebihbaik', 'honor', 'of', 'king', 'dark', 'sistem']"
8,Hari game BB tidak ada event Langsung Hapus gamenya. Terimakasih.,hari game bb tidak ada event langsung hapus gamenya. terimakasih.,hari game bb tidak ada event langsung hapus gamenya terimakasih,"['hari', 'game', 'bb', 'tidak', 'ada', 'event', 'langsung', 'hapus', 'gamenya', 'terimakasih']",<FreqDist with 10 samples and 10 outcomes>,"['bb', 'event', 'langsung', 'hapus', 'gamenya']","['bb', 'kegiatan,', 'langsung', 'hapus', 'gim,']","['bb', 'giat', 'langsung', 'hapus', 'gim']"
9,tolong perpindahan akun fb benerin lagi saya mau masuk pake akun fb gak bisa malah bulak balik lagi tolong kerjasamanya,tolong perpindahan akun fb benerin lagi saya mau masuk pake akun fb gak bisa malah bulak balik lagi tolong kerjasamanya,tolong perpindahan akun fb benerin lagi saya mau masuk pake akun fb gak bisa malah bulak balik lagi tolong kerjasamanya,"['tolong', 'perpindahan', 'akun', 'fb', 'benerin', 'lagi', 'saya', 'mau', 'masuk', 'pake', 'akun', 'fb', 'gak', 'bisa', 'malah', 'bulak', 'balik', 'lagi', 'tolong', 'kerjasamanya']",<FreqDist with 16 samples and 20 outcomes>,"['perpindahan', 'akun', 'fb', 'pake', 'akun', 'fb', 'gak', 'bulak', 'kerjasamanya']","['perpindahan', 'akun', 'facebook,', 'pakai,', 'akun', 'facebook,', 'tidak,', 'bulak', 'kerjasamanya']","['pindah', 'akun', 'facebook', 'pakai', 'akun', 'facebook', 'tidak', 'bulak', 'kerjasamanya']"
10,Game Dajjal udh pke wifi Masi ngeleg bikin stres semoga perusahaan montooon bangkrut/tidak ada yg mau main montoon nak Dajjal bekas kaos kaki Dajjal udh perusahaan haram mending hapus ae game haram menjijikan + anak Dajjal babi bangsat Mampus,game dajjal udh pke wifi masi ngeleg bikin stres semoga perusahaan montooon bangkrut/tidak ada yg mau main montoon nak dajjal bekas kaos kaki dajjal udh perusahaan haram mending hapus ae game haram menjijikan + anak dajjal babi bangsat mampus,game dajjal udh pke wifi masi ngeleg bikin stres semoga perusahaan montooon bangkrut tidak ada yg mau main montoon nak dajjal bekas kaos kaki dajjal udh perusahaan haram mending hapus ae game haram menjijikan anak dajjal babi bangsat mampus,"['game', 'dajjal', 'udh', 'pke', 'wifi', 'masi', 'ngeleg', 'bikin', 'stres', 'semoga', 'perusahaan', 'montooon', 'bangkrut', 'tidak', 'ada', 'yg', 'mau', 'main', 'montoon', 'nak', 'dajjal', 'bekas', 'kaos', 'kaki', 'dajjal', 'udh', 'perusahaan', 'haram', 'mending', 'hapus', 'ae', 'game', 'haram', 'menjijikan', 'anak', 'dajjal', 'babi', 'bangsat', 'mampus']",<FreqDist with 32 samples and 39 outcomes>,"['dajjal', 'pke', 'wifi', 'bikin', 'stres', 'semoga', 'perusahaan', 'montooon', 'bangkrut', 'montoon', 'nak', 'dajjal', 'bekas', 'kaos', 'kaki', 'dajjal', 'perusahaan', 'haram', 'mending', 'hapus', 'ae', 'haram', 'menjijikan', 'anak', 'dajjal', 'babi', 'bangsat', 'mampus']","['dajjal', 'pakai,', 'wifi', 'buat,', 'stres', 'semoga', 'perusahaan', 'montooon', 'bangkrut', 'montoon', 'hendak,', 'dajjal', 'bekas', 'kaos', 'kaki', 'dajjal', 'perusahaan', 'haram', 'lebihbaik,', 'hapus', 'ae', 'haram', 'menjijikan', 'anak', 'dajjal', 'babi', 'bangsat', 'mampus']","['dajjal', 'pakai', 'wifi', 'buat', 'stres', 'moga', 'usaha', 'montooon', 'bangkrut', 'montoon', 'hendak', 'dajjal', 'bekas', 'kaos', 'kaki', 'dajjal', 'usaha', 'haram', 'lebihbaik', 'hapus', 'ae', 'haram', 'jijik', 'anak', 'dajjal', 'babi', 'bangsat', 'mampus']"
11,Bodoh moonton tolol ngasih team kek babi,bodoh moonton tolol ngasih team kek babi,bodoh moonton tolol ngasih team kek babi,"['bodoh', 'moonton', 'tolol', 'ngasih', 'team', 'kek', 'babi']",<FreqDist with 7 samples and 7 outcomes>,"['bodoh', 'tolol', 'ngasih', 'kek', 'babi']","['bodoh', 'bodoh,', 'memberikan,', 'seperti,', 'babi']","['bodoh', 'bodoh', 'beri', 'seperti', 'babi']"
12,pembagian tim gak seimbang sangat mengganggu dan membuat game ini menjadi kurang seru,pembagian tim gak seimbang sangat mengganggu dan membuat game ini menjadi kurang seru,pembagian tim gak seimbang sangat mengganggu dan membuat game ini menjadi kurang seru,"['pembagian', 'tim', 'gak', 'seimbang', 'sangat', 'mengganggu', 'dan', 'membuat', 'game', 'ini', 'menjadi', 'kurang', 'seru']",<FreqDist with 13 samples and 13 outcomes>,"['pembagian', 'tim', 'gak', 'seimbang', 'mengganggu', 'seru']","['pembagian', 'tim', 'tidak,', 'seimbang', 'mengganggu', 'seru']","['bagi', 'tim', 'tidak', 'imbang', 'ganggu', 'seru']"
13,Banyak dark sistem males main BURIK,banyak dark sistem males main burik,banyak dark sistem males main burik,"['banyak', 'dark', 'sistem', 'males', 'main', 'burik']",<FreqDist with 6 samples and 6 outcomes>,"['dark', 'sistem', 'males', 'burik']","['dark', 'sistim,', 'malas,', 'jelek,']","['dark', 'sistim', 'malas', 'jelek']"
14,Dark sistem anjing game setingan tolol,dark sistem anjing game setingan tolol,dark sistem anjing game setingan tolol,"['dark', 'sistem', 'anjing', 'game', 'setingan', 'tolol']",<FreqDist with 6 samples and 6 outcomes>,"['dark', 'sistem', 'anjing', 'setingan', 'tolol']","['dark', 'sistim,', 'anjing', 'setingan', 'bodoh,']","['dark', 'sistim', 'anjing', 'ting', 'bodoh']"
15,gabut aja,gabut aja,gabut aja,"['gabut', 'aja']",<FreqDist with 2 samples and 2 outcomes>,['gabut'],['gabut'],['gabut']
16,Gambarnya tidak bagus..Game tai... Lelet padahal jaringan gua bagus... Sistem berlebihan.. jangan di download,gambarnya tidak bagus..game tai... lelet padahal jaringan gua bagus... sistem berlebihan.. jangan di download,gambarnya tidak bagus game tai lelet padahal jaringan gua bagus sistem berlebihan jangan di download,"['gambarnya', 'tidak', 'bagus', 'game', 'tai', 'lelet', 'padahal', 'jaringan', 'gua', 'bagus', 'sistem', 'berlebihan', 'jangan', 'di', 'download']",<FreqDist with 14 samples and 15 outcomes>,"['gambarnya', 'tai', 'lelet', 'jaringan', 'gua', 'sistem']","['gambarnya', 'kotoran,', 'lambat,', 'jaringan', 'saya,', 'sistim,']","['gambar', 'kotor', 'lambat', 'jaring', 'saya', 'sistim']"
17,game ampas banyak dark sistem bug dan lain lain,game ampas banyak dark sistem bug dan lain lain,game ampas banyak dark sistem bug dan lain lain,"['game', 'ampas', 'banyak', 'dark', 'sistem', 'bug', 'dan', 'lain', 'lain']",<FreqDist with 8 samples and 9 outcomes>,"['ampas', 'dark', 'sistem']","['sampah,', 'dark', 'sistim,']","['sampah', 'dark', 'sistim']"
18,P mabar yg lebih seru,p mabar yg lebih seru,mabar yg lebih seru,"['mabar', 'yg', 'lebih', 'seru']",<FreqDist with 4 samples and 4 outcomes>,['seru'],['seru'],['seru']
19,banyak bocah ingusan ni min mager gua ngerank,banyak bocah ingusan ni min mager gua ngerank,banyak bocah ingusan ni min mager gua ngerank,"['banyak', 'bocah', 'ingusan', 'ni', 'min', 'mager', 'gua', 'ngerank']",<FreqDist with 8 samples and 8 outcomes>,"['bocah', 'ingusan', 'mager', 'gua', 'ngerank']","['bocah', 'ingusan', 'mager', 'saya,', 'ngerank']","['bocah', 'ingus', 'mager', 'saya', 'ngerank']"
20,pliss lah masaalh lawan ssh kali lah dark system,pliss lah masaalh lawan ssh kali lah dark system,pliss lah masaalh lawan ssh kali lah dark system,"['pliss', 'lah', 'masaalh', 'lawan', 'ssh', 'kali', 'lah', 'dark', 'system']",<FreqDist with 8 samples and 9 outcomes>,"['pliss', 'masaalh', 'lawan', 'ssh', 'dark']","['pliss', 'masaalh', 'musuh,', 'ssh', 'dark']","['pliss', 'masaalh', 'musuh', 'ssh', 'dark']"
21,Aku sering main cuma ya di kasih kalah menang kalah kalah kalah kalah kalah menang kalah kalah terus muntun tolong lah kasih tim yang bener aku 2 tahun stack di epikðŸ—¿ pliss,aku sering main cuma ya di kasih kalah menang kalah kalah kalah kalah kalah menang kalah kalah terus muntun tolong lah kasih tim yang bener aku 2 tahun stack di epikðÿ—¿ pliss,aku sering main cuma ya di kasih kalah menang kalah kalah kalah kalah kalah menang kalah kalah terus muntun tolong lah kasih tim yang bener aku tahun stack di epik pliss,"['aku', 'sering', 'main', 'cuma', 'ya', 'di', 'kasih', 'kalah', 'menang', 'kalah', 'kalah', 'kalah', 'kalah', 'kalah', 'menang', 'kalah', 'kalah', 'terus', 'muntun', 'tolong', 'lah', 'kasih', 'tim', 'yang', 'bener', 'aku', 'tahun', 'stack', 'di', 'epik', 'pliss']",<FreqDist with 20 samples and 31 outcomes>,"['kalah', 'menang', 'kalah', 'kalah', 'kalah', 'kalah', 'kalah', 'menang', 'kalah', 'kalah', 'tim', 'bener', 'stack', 'epik', 'pliss']","['kalah', 'menang', 'kalah', 'kalah', 'kalah', 'kalah', 'kalah', 'menang', 'kalah', 'kalah', 'tim', 'benar,', 'alat,', 'epik', 'pliss']","['kalah', 'menang', 'kalah', 'kalah', 'kalah', 'kalah', 'kalah', 'menang', 'kalah', 'kalah', 'tim', 'benar', 'alat', 'epik', 'pliss']"
22,pindah aj lh bnyk tim ga seimbang msa gw glory b63 ktemu glory b50 ap cb udahlah banyak omong lagi dh s gw,pindah aj lh bnyk tim ga seimbang msa gw glory b63 ktemu glory b50 ap cb udahlah banyak omong lagi dh s gw,pindah aj lh bnyk tim ga seimbang msa gw glory ktemu glory ap cb udahlah banyak omong lagi dh gw,"['pindah', 'aj', 'lh', 'bnyk', 'tim', 'ga', 'seimbang', 'msa', 'gw', 'glory', 'ktemu', 'glory', 'ap', 'cb', 'udahlah', 'banyak', 'omong', 'lagi', 'dh', 'gw']",<FreqDist with 18 samples and 20 outcomes>,"['bnyk', 'tim', 'seimbang', 'msa', 'ktemu', 'ap', 'cb', 'udahlah', 'omong', 'dh']","['banyak,', 'tim', 'seimbang', 'msa', 'bertemu,', 'apa,', 'coba,', 'udahlah', 'omong', 'sudah,']","['banyak', 'tim', 'imbang', 'msa', 'temu', 'apa', 'coba', 'udahlah', 'omong', 'sudah']"
23,Kalo ngasih tim yg bener lah,kalo ngasih tim yg bener lah,kalo ngasih tim yg bener lah,"['kalo', 'ngasih', 'tim', 'yg', 'bener', 'lah']",<FreqDist with 6 samples and 6 outcomes>,"['kalo', 'ngasih', 'tim', 'bener']","['kalau,', 'memberikan,', 'tim', 'benar,']","['kalau', 'beri', 'tim', 'benar']"
24,ini aneh bgt sih masa tiap abis login trus ada di lobi 2 menit langsung ulang login lagi sih,ini aneh bgt sih masa tiap abis login trus ada di lobi 2 menit langsung ulang login lagi sih,ini aneh bgt sih masa tiap abis login trus ada di lobi menit langsung ulang login lagi sih,"['ini', 'aneh', 'bgt', 'sih', 'masa', 'tiap', 'abis', 'login', 'trus', 'ada', 'di', 'lobi', 'menit', 'langsung', 'ulang', 'login', 'lagi', 'sih']",<FreqDist with 16 samples and 18 outcomes>,"['aneh', 'bgt', 'abis', 'login', 'langsung', 'ulang', 'login']","['aneh', 'banget,', 'habis,', 'login', 'langsung', 'ulang', 'login']","['aneh', 'banget', 'habis', 'login', 'langsung', 'ulang', 'login']"
25,monton pasti kalo mau naik dikasih musuh yang pro aku main sebulan ngestack di gm 1 pasti kalo mau naik epic susah,monton pasti kalo mau naik dikasih musuh yang pro aku main sebulan ngestack di gm 1 pasti kalo mau naik epic susah,monton pasti kalo mau naik dikasih musuh yang pro aku main sebulan ngestack di gm pasti kalo mau naik epic susah,"['monton', 'pasti', 'kalo', 'mau', 'naik', 'dikasih', 'musuh', 'yang', 'pro', 'aku', 'main', 'sebulan', 'ngestack', 'di', 'gm', 'pasti', 'kalo', 'mau', 'naik', 'epic', 'susah']",<FreqDist with 17 samples and 21 outcomes>,"['monton', 'kalo', 'dikasih', 'sebulan', 'ngestack', 'gm', 'kalo', 'epic', 'susah']","['moonton,', 'kalau,', 'dikasih', 'sebulan', 'ngestack', 'gm', 'kalau,', 'epic', 'susah']","['moonton', 'kalau', 'kasih', 'bulan', 'ngestack', 'gm', 'kalau', 'epic', 'susah']"
26,banyak makan penyimpanan,banyak makan penyimpanan,banyak makan penyimpanan,"['banyak', 'makan', 'penyimpanan']",<FreqDist with 3 samples and 3 outcomes>,['penyimpanan'],['penyimpanan'],['simpan']
27,buat yang sinyalnya sering lag mndng pindah ke game sebelah dehh disana sinyalnya ijo truss jadi ga keganggu sinyal pas main,buat yang sinyalnya sering lag mndng pindah ke game sebelah dehh disana sinyalnya ijo truss jadi ga keganggu sinyal pas main,buat yang sinyalnya sering lag mndng pindah ke game sebelah dehh disana sinyalnya ijo truss jadi ga keganggu sinyal pas main,"['buat', 'yang', 'sinyalnya', 'sering', 'lag', 'mndng', 'pindah', 'ke', 'game', 'sebelah', 'dehh', 'disana', 'sinyalnya', 'ijo', 'truss', 'jadi', 'ga', 'keganggu', 'sinyal', 'pas', 'main']",<FreqDist with 20 samples and 21 outcomes>,"['sinyalnya', 'mndng', 'sebelah', 'dehh', 'disana', 'sinyalnya', 'truss', 'keganggu']","['sinyalnya', 'mndng', 'sebelah', 'dehh', 'disana', 'sinyalnya', 'truss', 'keganggu']","['sinyal', 'mndng', 'belah', 'dehh', 'sana', 'sinyal', 'truss', 'ganggu']"
28,game nya jahat suka bgt ngasi tim jelek AKU UDA JAGO MALAH DI COMEBACK???????? maafya tapi aku sedi bgt makanya aku kasi bintang 2 aja biar kaya rank aku epic 2 bintang 2!!!!!!!!,game nya jahat suka bgt ngasi tim jelek aku uda jago malah di comeback???????? maafya tapi aku sedi bgt makanya aku kasi bintang 2 aja biar kaya rank aku epic 2 bintang 2!!!!!!!!,game nya jahat suka bgt ngasi tim jelek aku uda jago malah di comeback maafya tapi aku sedi bgt makanya aku kasi bintang aja biar kaya rank aku epic bintang,"['game', 'nya', 'jahat', 'suka', 'bgt', 'ngasi', 'tim', 'jelek', 'aku', 'uda', 'jago', 'malah', 'di', 'comeback', 'maafya', 'tapi', 'aku', 'sedi', 'bgt', 'makanya', 'aku', 'kasi', 'bintang', 'aja', 'biar', 'kaya', 'rank', 'aku', 'epic', 'bintang']",<FreqDist with 25 samples and 30 outcomes>,"['jahat', 'suka', 'bgt', 'ngasi', 'tim', 'jelek', 'uda', 'maafya', 'sedi', 'bgt', 'epic']","['jahat', 'suka', 'banget,', 'ngasi', 'tim', 'jelek', 'sudah,', 'maafya', 'sedi', 'banget,', 'epic']","['jahat', 'suka', 'banget', 'ngasi', 'tim', 'jelek', 'sudah', 'maafya', 'sedi', 'banget', 'epic']"
29,lol dark sistem tim nya lol semua,lol dark sistem tim nya lol semua,lol dark sistem tim nya lol semua,"['lol', 'dark', 'sistem', 'tim', 'nya', 'lol', 'semua']",<FreqDist with 6 samples and 7 outcomes>,"['lol', 'dark', 'sistem', 'tim', 'lol']","['tertawa,', 'dark', 'sistim,', 'tim', 'tertawa,']","['tertawa', 'dark', 'sistim', 'tim', 'tertawa']"
30,Kebanyakan dark sistem. .,kebanyakan dark sistem. .,kebanyakan dark sistem,"['kebanyakan', 'dark', 'sistem']",<FreqDist with 3 samples and 3 outcomes>,"['kebanyakan', 'dark', 'sistem']","['kebanyakan', 'dark', 'sistim,']","['banyak', 'dark', 'sistim']"
31,"game"" bisa bikin skin bisa tapi monton ga bisa ngasi tim yg adil anjing gw di kasih dark sistem mulu kont*l","game"" bisa bikin skin bisa tapi monton ga bisa ngasi tim yg adil anjing gw di kasih dark sistem mulu kont*l",game bisa bikin skin bisa tapi monton ga bisa ngasi tim yg adil anjing gw di kasih dark sistem mulu kont,"['game', 'bisa', 'bikin', 'skin', 'bisa', 'tapi', 'monton', 'ga', 'bisa', 'ngasi', 'tim', 'yg', 'adil', 'anjing', 'gw', 'di', 'kasih', 'dark', 'sistem', 'mulu', 'kont']",<FreqDist with 19 samples and 21 outcomes>,"['bikin', 'monton', 'ngasi', 'tim', 'adil', 'anjing', 'dark', 'sistem', 'mulu', 'kont']","['buat,', 'moonton,', 'ngasi', 'tim', 'adil', 'anjing', 'dark', 'sistim,', 'melulu,', 'kont']","['buat', 'moonton', 'ngasi', 'tim', 'adil', 'anjing', 'dark', 'sistim', 'melulu', 'kont']"
32,Game yang sangat bagus cocok untuk anak dibawah 6 tahun playernya juga ramahÂ² terutama player inisial Jawa dengan kearifan bertutur katanya yg sangat sopanâ˜ºï¸,game yang sangat bagus cocok untuk anak dibawah 6 tahun playernya juga ramahâ² terutama player inisial jawa dengan kearifan bertutur katanya yg sangat sopanâ˜ºï¸,game yang sangat bagus cocok untuk anak dibawah tahun playernya juga ramah terutama player inisial jawa dengan kearifan bertutur katanya yg sangat sopan,"['game', 'yang', 'sangat', 'bagus', 'cocok', 'untuk', 'anak', 'dibawah', 'tahun', 'playernya', 'juga', 'ramah', 'terutama', 'player', 'inisial', 'jawa', 'dengan', 'kearifan', 'bertutur', 'katanya', 'yg', 'sangat', 'sopan']",<FreqDist with 22 samples and 23 outcomes>,"['cocok', 'anak', 'dibawah', 'playernya', 'ramah', 'player', 'inisial', 'kearifan', 'sopan']","['cocok', 'anak', 'dibawah', 'playernya', 'ramah', 'pengguna,', 'inisial', 'kearifan', 'sopan']","['cocok', 'anak', 'bawah', 'playernya', 'ramah', 'guna', 'inisial', 'arif', 'sopan']"
33,Bad games,bad games,bad games,"['bad', 'games']",<FreqDist with 2 samples and 2 outcomes>,"['bad', 'games']","['bad', 'games']","['bad', 'games']"
34,Susah,susah,susah,['susah'],<FreqDist with 1 samples and 1 outcomes>,['susah'],['susah'],['susah']
35,Tolong hapus invalid di rank mytik kalo tidak pihak yang tidak menyerah tetap tambanh bintang yang nyerah tidak hilang bintang terima kasih karna sangat membuang waktu.,tolong hapus invalid di rank mytik kalo tidak pihak yang tidak menyerah tetap tambanh bintang yang nyerah tidak hilang bintang terima kasih karna sangat membuang waktu.,tolong hapus invalid di rank mytik kalo tidak pihak yang tidak menyerah tetap tambanh bintang yang nyerah tidak hilang bintang terima kasih karna sangat membuang waktu,"['tolong', 'hapus', 'invalid', 'di', 'rank', 'mytik', 'kalo', 'tidak', 'pihak', 'yang', 'tidak', 'menyerah', 'tetap', 'tambanh', 'bintang', 'yang', 'nyerah', 'tidak', 'hilang', 'bintang', 'terima', 'kasih', 'karna', 'sangat', 'membuang', 'waktu']",<FreqDist with 22 samples and 26 outcomes>,"['hapus', 'invalid', 'mytik', 'kalo', 'menyerah', 'tambanh', 'nyerah', 'hilang', 'membuang']","['hapus', 'invalid', 'mytik', 'kalau,', 'menyerah', 'tambanh', 'nyerah', 'hilang', 'membuang']","['hapus', 'invalid', 'mytik', 'kalau', 'serah', 'tambanh', 'nyerah', 'hilang', 'buang']"
36,Sering bgt kalah trus dikasih tim yg ga bisa main main di rank mytic di kasih tim rank epic pokoknya sesek sama sistem nya moonton,sering bgt kalah trus dikasih tim yg ga bisa main main di rank mytic di kasih tim rank epic pokoknya sesek sama sistem nya moonton,sering bgt kalah trus dikasih tim yg ga bisa main main di rank mytic di kasih tim rank epic pokoknya sesek sama sistem nya moonton,"['sering', 'bgt', 'kalah', 'trus', 'dikasih', 'tim', 'yg', 'ga', 'bisa', 'main', 'main', 'di', 'rank', 'mytic', 'di', 'kasih', 'tim', 'rank', 'epic', 'pokoknya', 'sesek', 'sama', 'sistem', 'nya', 'moonton']",<FreqDist with 21 samples and 25 outcomes>,"['bgt', 'kalah', 'dikasih', 'tim', 'mytic', 'tim', 'epic', 'sesek', 'sistem']","['banget,', 'kalah', 'dikasih', 'tim', 'mytic', 'tim', 'epic', 'sesek', 'sistim,']","['banget', 'kalah', 'kasih', 'tim', 'mytic', 'tim', 'epic', 'sek', 'sistim']"
37,honor of king dah mau rilis wkwkwkwk.... Banyakin event skin gratis colector kalo bisa :),honor of king dah mau rilis wkwkwkwk.... banyakin event skin gratis colector kalo bisa :),honor of king dah mau rilis wkwkwkwk banyakin event skin gratis colector kalo bisa,"['honor', 'of', 'king', 'dah', 'mau', 'rilis', 'wkwkwkwk', 'banyakin', 'event', 'skin', 'gratis', 'colector', 'kalo', 'bisa']",<FreqDist with 14 samples and 14 outcomes>,"['honor', 'of', 'king', 'rilis', 'wkwkwkwk', 'banyakin', 'event', 'gratis', 'colector', 'kalo']","['honor', 'of', 'king', 'rilis', 'wkwkwkwk', 'banyakin', 'kegiatan,', 'gratis', 'colector', 'kalau,']","['honor', 'of', 'king', 'rilis', 'wkwkwkwk', 'banyakin', 'giat', 'gratis', 'colector', 'kalau']"
38,Mohon maaf pihak monton harap memperbaiki prihal bug yg terjadi saat dalam pertandingan sering jalan sendiri macet trs tiba-tiba setingan berubah sendiri harap di tingkat kan LG mohon kerjasamanya ðŸ™ðŸ™ðŸ™,mohon maaf pihak monton harap memperbaiki prihal bug yg terjadi saat dalam pertandingan sering jalan sendiri macet trs tiba-tiba setingan berubah sendiri harap di tingkat kan lg mohon kerjasamanya ðÿ™ðÿ™ðÿ™,mohon maaf pihak monton harap memperbaiki prihal bug yg terjadi saat dalam pertandingan sering jalan sendiri macet trs tiba tiba setingan berubah sendiri harap di tingkat kan lg mohon kerjasamanya,"['mohon', 'maaf', 'pihak', 'monton', 'harap', 'memperbaiki', 'prihal', 'bug', 'yg', 'terjadi', 'saat', 'dalam', 'pertandingan', 'sering', 'jalan', 'sendiri', 'macet', 'trs', 'tiba', 'tiba', 'setingan', 'berubah', 'sendiri', 'harap', 'di', 'tingkat', 'kan', 'lg', 'mohon', 'kerjasamanya']",<FreqDist with 26 samples and 30 outcomes>,"['maaf', 'monton', 'harap', 'memperbaiki', 'pertandingan', 'jalan', 'macet', 'setingan', 'berubah', 'harap', 'tingkat', 'lg', 'kerjasamanya']","['maaf', 'moonton,', 'harap', 'memperbaiki', 'pertandingan', 'jalan', 'macet', 'setingan', 'berubah', 'harap', 'tingkat', 'lagi,', 'kerjasamanya']","['maaf', 'moonton', 'harap', 'baik', 'tanding', 'jalan', 'macet', 'ting', 'ubah', 'harap', 'tingkat', 'lagi', 'kerjasamanya']"
39,yg komen bgus fix mentalnya kena kecewa sama draf sistemnya.,yg komen bgus fix mentalnya kena kecewa sama draf sistemnya.,yg komen bgus fix mentalnya kena kecewa sama draf sistemnya,"['yg', 'komen', 'bgus', 'fix', 'mentalnya', 'kena', 'kecewa', 'sama', 'draf', 'sistemnya']",<FreqDist with 10 samples and 10 outcomes>,"['komen', 'bgus', 'mentalnya', 'kena', 'kecewa', 'draf', 'sistemnya']","['komen', 'bagus,', 'mentalnya', 'kena,', 'kecewa', 'draf', 'sistemnya']","['komen', 'bagus', 'mental', 'kena', 'kecewa', 'draf', 'sistem']"
40,Seberapa banyak lu kasih skin gratis ke kita kita pasti pindah ke Honor of King kita semua cape dapat tim jelek rata rata bocil jokian yg main bb Ga ada yang mau main game lu lagi kecuali para bocil jokian sama penjoki,seberapa banyak lu kasih skin gratis ke kita kita pasti pindah ke honor of king kita semua cape dapat tim jelek rata rata bocil jokian yg main bb ga ada yang mau main game lu lagi kecuali para bocil jokian sama penjoki,seberapa banyak lu kasih skin gratis ke kita kita pasti pindah ke honor of king kita semua cape dapat tim jelek rata rata bocil jokian yg main bb ga ada yang mau main game lu lagi kecuali para bocil jokian sama penjoki,"['seberapa', 'banyak', 'lu', 'kasih', 'skin', 'gratis', 'ke', 'kita', 'kita', 'pasti', 'pindah', 'ke', 'honor', 'of', 'king', 'kita', 'semua', 'cape', 'dapat', 'tim', 'jelek', 'rata', 'rata', 'bocil', 'jokian', 'yg', 'main', 'bb', 'ga', 'ada', 'yang', 'mau', 'main', 'game', 'lu', 'lagi', 'kecuali', 'para', 'bocil', 'jokian', 'sama', 'penjoki']",<FreqDist with 34 samples and 42 outcomes>,"['lu', 'gratis', 'honor', 'of', 'king', 'cape', 'tim', 'jelek', 'bocil', 'jokian', 'bb', 'lu', 'kecuali', 'bocil', 'jokian', 'penjoki']","['kamu,', 'gratis', 'honor', 'of', 'king', 'capek,', 'tim', 'jelek', 'bocil', 'jokian', 'bb', 'kamu,', 'kecuali', 'bocil', 'jokian', 'penjoki']","['kamu', 'gratis', 'honor', 'of', 'king', 'capek', 'tim', 'jelek', 'bocil', 'joki', 'bb', 'kamu', 'kecuali', 'bocil', 'joki', 'joki']"
41,Kalau ada player afk atau feed kashi hukuman yang lebih berat dong cape ketemu orang orang begituan,kalau ada player afk atau feed kashi hukuman yang lebih berat dong cape ketemu orang orang begituan,kalau ada player afk atau feed kashi hukuman yang lebih berat dong cape ketemu orang orang begituan,"['kalau', 'ada', 'player', 'afk', 'atau', 'feed', 'kashi', 'hukuman', 'yang', 'lebih', 'berat', 'dong', 'cape', 'ketemu', 'orang', 'orang', 'begituan']",<FreqDist with 16 samples and 17 outcomes>,"['player', 'feed', 'kashi', 'hukuman', 'berat', 'cape', 'ketemu', 'orang', 'orang', 'begituan']","['pengguna,', 'feed', 'kashi', 'hukuman', 'berat', 'capek,', 'ketemu', 'orang', 'orang', 'begituan']","['guna', 'feed', 'kashi', 'hukum', 'berat', 'capek', 'ketemu', 'orang', 'orang', 'begitu']"
42,Malah nambah Stress,malah nambah stress,malah nambah stress,"['malah', 'nambah', 'stress']",<FreqDist with 3 samples and 3 outcomes>,"['nambah', 'stress']","['nambah', 'stress']","['nambah', 'stress']"
43,Game ny burik gk guna ngasih tim yg bot game tolol,game ny burik gk guna ngasih tim yg bot game tolol,game ny burik gk guna ngasih tim yg bot game tolol,"['game', 'ny', 'burik', 'gk', 'guna', 'ngasih', 'tim', 'yg', 'bot', 'game', 'tolol']",<FreqDist with 10 samples and 11 outcomes>,"['burik', 'ngasih', 'tim', 'tolol']","['jelek,', 'memberikan,', 'tim', 'bodoh,']","['jelek', 'beri', 'tim', 'bodoh']"
44,Plis dong kalo mvp jangan cuman di lihat dari kill Dead and asist nya doang liat juga koin nya level nya cara bermain nya Gk adil mana saya sering gk dapet asist Padahal selalu bantuin tim buat ngekill,plis dong kalo mvp jangan cuman di lihat dari kill dead and asist nya doang liat juga koin nya level nya cara bermain nya gk adil mana saya sering gk dapet asist padahal selalu bantuin tim buat ngekill,plis dong kalo mvp jangan cuman di lihat dari kill dead and asist nya doang liat juga koin nya level nya cara bermain nya gk adil mana saya sering gk dapet asist padahal selalu bantuin tim buat ngekill,"['plis', 'dong', 'kalo', 'mvp', 'jangan', 'cuman', 'di', 'lihat', 'dari', 'kill', 'dead', 'and', 'asist', 'nya', 'doang', 'liat', 'juga', 'koin', 'nya', 'level', 'nya', 'cara', 'bermain', 'nya', 'gk', 'adil', 'mana', 'saya', 'sering', 'gk', 'dapet', 'asist', 'padahal', 'selalu', 'bantuin', 'tim', 'buat', 'ngekill']",<FreqDist with 33 samples and 38 outcomes>,"['plis', 'kalo', 'cuman', 'lihat', 'kill', 'dead', 'asist', 'liat', 'koin', 'level', 'adil', 'asist', 'bantuin', 'tim']","['tolonh,', 'kalau,', 'Cuma,', 'lihat', 'kill', 'dead', 'asist', 'lihat,', 'koin', 'level', 'adil', 'asist', 'bantuin', 'tim']","['tolonh', 'kalau', 'cuma', 'lihat', 'kill', 'dead', 'asist', 'lihat', 'koin', 'level', 'adil', 'asist', 'bantuin', 'tim']"
45,Di tempat saya jaringannya kadang hilang jadi tolong untuk developer menambah batas pemulihan kredit skor dari 3 ke 6 karena tingkat pengurangan kredit skor sangat tinggi apalagi kalau kena report,di tempat saya jaringannya kadang hilang jadi tolong untuk developer menambah batas pemulihan kredit skor dari 3 ke 6 karena tingkat pengurangan kredit skor sangat tinggi apalagi kalau kena report,di tempat saya jaringannya kadang hilang jadi tolong untuk developer menambah batas pemulihan kredit skor dari ke karena tingkat pengurangan kredit skor sangat tinggi apalagi kalau kena report,"['di', 'tempat', 'saya', 'jaringannya', 'kadang', 'hilang', 'jadi', 'tolong', 'untuk', 'developer', 'menambah', 'batas', 'pemulihan', 'kredit', 'skor', 'dari', 'ke', 'karena', 'tingkat', 'pengurangan', 'kredit', 'skor', 'sangat', 'tinggi', 'apalagi', 'kalau', 'kena', 'report']",<FreqDist with 26 samples and 28 outcomes>,"['jaringannya', 'hilang', 'menambah', 'batas', 'pemulihan', 'kredit', 'tingkat', 'pengurangan', 'kredit', 'kena']","['jaringannya', 'hilang', 'menambah', 'batas', 'pemulihan', 'kredit', 'tingkat', 'pengurangan', 'kredit', 'kena,']","['jaring', 'hilang', 'tambah', 'batas', 'pulih', 'kredit', 'tingkat', 'kurang', 'kredit', 'kena']"
46,kalo ngasih tim itu yg bener dong monton masak gw maen lose 15Ã— win cuman 5Ã— gema apaan tiap maen selalu di kasih tim yg TOLOL mulu paan kanjingud,kalo ngasih tim itu yg bener dong monton masak gw maen lose 15ã— win cuman 5ã— gema apaan tiap maen selalu di kasih tim yg tolol mulu paan kanjingud,kalo ngasih tim itu yg bener dong monton masak gw maen lose win cuman gema apaan tiap maen selalu di kasih tim yg tolol mulu paan kanjingud,"['kalo', 'ngasih', 'tim', 'itu', 'yg', 'bener', 'dong', 'monton', 'masak', 'gw', 'maen', 'lose', 'win', 'cuman', 'gema', 'apaan', 'tiap', 'maen', 'selalu', 'di', 'kasih', 'tim', 'yg', 'tolol', 'mulu', 'paan', 'kanjingud']",<FreqDist with 24 samples and 27 outcomes>,"['kalo', 'ngasih', 'tim', 'bener', 'monton', 'masak', 'maen', 'cuman', 'gema', 'maen', 'tim', 'tolol', 'mulu', 'paan', 'kanjingud']","['kalau,', 'memberikan,', 'tim', 'benar,', 'moonton,', 'apa,', 'main,', 'Cuma,', 'gema', 'main,', 'tim', 'bodoh,', 'melulu,', 'paan', 'kanjingud']","['kalau', 'beri', 'tim', 'benar', 'moonton', 'apa', 'main', 'cuma', 'gema', 'main', 'tim', 'bodoh', 'melulu', 'paan', 'kanjingud']"
47,Kurang bagus,kurang bagus,kurang bagus,"['kurang', 'bagus']",<FreqDist with 2 samples and 2 outcomes>,[],[],[]
48,menurut saya game ini harus di kembangkang lagi deh karna game ini suka gak jelas harus download secara tiba tiba jaringan sih paling parah lag banget padahal jaringan 70ms kebawah tapi kaya 201 ms jadi tolong perbaiki atau saya pindah game ke saja,menurut saya game ini harus di kembangkang lagi deh karna game ini suka gak jelas harus download secara tiba tiba jaringan sih paling parah lag banget padahal jaringan 70ms kebawah tapi kaya 201 ms jadi tolong perbaiki atau saya pindah game ke saja,menurut saya game ini harus di kembangkang lagi deh karna game ini suka gak jelas harus download secara tiba tiba jaringan sih paling parah lag banget padahal jaringan ms kebawah tapi kaya ms jadi tolong perbaiki atau saya pindah game ke saja,"['menurut', 'saya', 'game', 'ini', 'harus', 'di', 'kembangkang', 'lagi', 'deh', 'karna', 'game', 'ini', 'suka', 'gak', 'jelas', 'harus', 'download', 'secara', 'tiba', 'tiba', 'jaringan', 'sih', 'paling', 'parah', 'lag', 'banget', 'padahal', 'jaringan', 'ms', 'kebawah', 'tapi', 'kaya', 'ms', 'jadi', 'tolong', 'perbaiki', 'atau', 'saya', 'pindah', 'game', 'ke', 'saja']",<FreqDist with 34 samples and 42 outcomes>,"['kembangkang', 'deh', 'suka', 'gak', 'jaringan', 'parah', 'banget', 'jaringan', 'kebawah', 'perbaiki']","['kembangkang', 'deh', 'suka', 'tidak,', 'jaringan', 'parah', 'banget', 'jaringan', 'kebawah', 'perbaiki']","['kembangkang', 'deh', 'suka', 'tidak', 'jaring', 'parah', 'banget', 'jaring', 'bawah', 'baik']"
49,Sinyal bgus kok tibaÂ² jadi merah gamenya gak enak bgt sekrg,sinyal bgus kok tibaâ² jadi merah gamenya gak enak bgt sekrg,sinyal bgus kok tiba jadi merah gamenya gak enak bgt sekrg,"['sinyal', 'bgus', 'kok', 'tiba', 'jadi', 'merah', 'gamenya', 'gak', 'enak', 'bgt', 'sekrg']",<FreqDist with 11 samples and 11 outcomes>,"['bgus', 'merah', 'gamenya', 'gak', 'enak', 'bgt', 'sekrg']","['bagus,', 'merah', 'gim,', 'tidak,', 'enak', 'banget,', 'sekrg']","['bagus', 'merah', 'gim', 'tidak', 'enak', 'banget', 'sekrg']"
50,Game apa nih pilih kasih kda gw aja 7.3.4 Di kasih coklat sedangkan temen gw mm kda 1.8.4 silver pilih kasih banget,game apa nih pilih kasih kda gw aja 7.3.4 di kasih coklat sedangkan temen gw mm kda 1.8.4 silver pilih kasih banget,game apa nih pilih kasih kda gw aja di kasih coklat sedangkan temen gw mm kda silver pilih kasih banget,"['game', 'apa', 'nih', 'pilih', 'kasih', 'kda', 'gw', 'aja', 'di', 'kasih', 'coklat', 'sedangkan', 'temen', 'gw', 'mm', 'kda', 'silver', 'pilih', 'kasih', 'banget']",<FreqDist with 15 samples and 20 outcomes>,"['nih', 'kda', 'coklat', 'temen', 'mm', 'kda', 'silver', 'banget']","['ini,', 'kda', 'coklat', 'teman,', 'mm', 'kda', 'silver', 'banget']","['ini', 'kda', 'coklat', 'teman', 'mm', 'kda', 'silver', 'banget']"
51,halo min saya kasih bintang 4 untuk game ini. Game ini sudah bagus dari segi grafis apalagi yang iltra udah bagus banget. Heronya juga gak ada bug lagi yang aku temui,halo min saya kasih bintang 4 untuk game ini. game ini sudah bagus dari segi grafis apalagi yang iltra udah bagus banget. heronya juga gak ada bug lagi yang aku temui,halo min saya kasih bintang untuk game ini game ini sudah bagus dari segi grafis apalagi yang iltra udah bagus banget heronya juga gak ada bug lagi yang aku temui,"['halo', 'min', 'saya', 'kasih', 'bintang', 'untuk', 'game', 'ini', 'game', 'ini', 'sudah', 'bagus', 'dari', 'segi', 'grafis', 'apalagi', 'yang', 'iltra', 'udah', 'bagus', 'banget', 'heronya', 'juga', 'gak', 'ada', 'bug', 'lagi', 'yang', 'aku', 'temui']",<FreqDist with 26 samples and 30 outcomes>,"['halo', 'segi', 'iltra', 'banget', 'heronya', 'gak']","['halo', 'segi,', 'iltra', 'banget', 'heronya', 'tidak,']","['halo', 'segi', 'iltra', 'banget', 'hero', 'tidak']"
52,sejauh ini mobile legend bagus. Dan menurutku mlbb adalah permainan moba terbaik. Ada banyak sekali hero dengan berbagai role yang pengguna bisa kuasai,sejauh ini mobile legend bagus. dan menurutku mlbb adalah permainan moba terbaik. ada banyak sekali hero dengan berbagai role yang pengguna bisa kuasai,sejauh ini mobile legend bagus dan menurutku mlbb adalah permainan moba terbaik ada banyak sekali hero dengan berbagai role yang pengguna bisa kuasai,"['sejauh', 'ini', 'mobile', 'legend', 'bagus', 'dan', 'menurutku', 'mlbb', 'adalah', 'permainan', 'moba', 'terbaik', 'ada', 'banyak', 'sekali', 'hero', 'dengan', 'berbagai', 'role', 'yang', 'pengguna', 'bisa', 'kuasai']",<FreqDist with 23 samples and 23 outcomes>,"['menurutku', 'permainan', 'moba', 'terbaik', 'hero', 'pengguna', 'kuasai']","['menurutku', 'permainan', 'moba', 'terbaik', 'hero', 'pengguna', 'kuasai']","['turut', 'main', 'moba', 'baik', 'hero', 'guna', 'kuasa']"
53,Aku suka banget dari sistem sudah bagus. Mobile legend moba terbaik,aku suka banget dari sistem sudah bagus. mobile legend moba terbaik,aku suka banget dari sistem sudah bagus mobile legend moba terbaik,"['aku', 'suka', 'banget', 'dari', 'sistem', 'sudah', 'bagus', 'mobile', 'legend', 'moba', 'terbaik']",<FreqDist with 11 samples and 11 outcomes>,"['suka', 'banget', 'sistem', 'moba', 'terbaik']","['suka', 'banget', 'sistim,', 'moba', 'terbaik']","['suka', 'banget', 'sistim', 'moba', 'baik']"
54,game nya sangat bagus menarik dan bisa membuat kita berpikir strategi,game nya sangat bagus menarik dan bisa membuat kita berpikir strategi,game nya sangat bagus menarik dan bisa membuat kita berpikir strategi,"['game', 'nya', 'sangat', 'bagus', 'menarik', 'dan', 'bisa', 'membuat', 'kita', 'berpikir', 'strategi']",<FreqDist with 11 samples and 11 outcomes>,"['menarik', 'berpikir', 'strategi']","['menarik', 'berpikir', 'strategi']","['tarik', 'pikir', 'strategi']"
55,game ini adalah game favoritku dari dulu semoga game ini terus berkembang dan memperbanyak hero dan skinnya agar memiliki pengguna yang lebih banyak,game ini adalah game favoritku dari dulu semoga game ini terus berkembang dan memperbanyak hero dan skinnya agar memiliki pengguna yang lebih banyak,game ini adalah game favoritku dari dulu semoga game ini terus berkembang dan memperbanyak hero dan skinnya agar memiliki pengguna yang lebih banyak,"['game', 'ini', 'adalah', 'game', 'favoritku', 'dari', 'dulu', 'semoga', 'game', 'ini', 'terus', 'berkembang', 'dan', 'memperbanyak', 'hero', 'dan', 'skinnya', 'agar', 'memiliki', 'pengguna', 'yang', 'lebih', 'banyak']",<FreqDist with 19 samples and 23 outcomes>,"['favoritku', 'semoga', 'berkembang', 'memperbanyak', 'hero', 'memiliki', 'pengguna']","['favoritku', 'semoga', 'berkembang', 'memperbanyak', 'hero', 'memiliki', 'pengguna']","['favorit', 'moga', 'kembang', 'banyak', 'hero', 'milik', 'guna']"
56,terima kasih mobile legends. Sejauh ini masih jadi game terbaik meski banyak saingan game sesama moba baru,terima kasih mobile legends. sejauh ini masih jadi game terbaik meski banyak saingan game sesama moba baru,terima kasih mobile legends sejauh ini masih jadi game terbaik meski banyak saingan game sesama moba baru,"['terima', 'kasih', 'mobile', 'legends', 'sejauh', 'ini', 'masih', 'jadi', 'game', 'terbaik', 'meski', 'banyak', 'saingan', 'game', 'sesama', 'moba', 'baru']",<FreqDist with 16 samples and 17 outcomes>,"['terbaik', 'saingan', 'moba']","['terbaik', 'saingan', 'moba']","['baik', 'saing', 'moba']"
57,gamenya bagus. Mudah dimainkan banyak pilihan hero untuk dipakai dan banyak skin untuk dikoleksi,gamenya bagus. mudah dimainkan banyak pilihan hero untuk dipakai dan banyak skin untuk dikoleksi,gamenya bagus mudah dimainkan banyak pilihan hero untuk dipakai dan banyak skin untuk dikoleksi,"['gamenya', 'bagus', 'mudah', 'dimainkan', 'banyak', 'pilihan', 'hero', 'untuk', 'dipakai', 'dan', 'banyak', 'skin', 'untuk', 'dikoleksi']",<FreqDist with 12 samples and 14 outcomes>,"['gamenya', 'mudah', 'dimainkan', 'pilihan', 'hero', 'dipakai', 'dikoleksi']","['gim,', 'mudah', 'dimainkan', 'pilihan', 'hero', 'dipakai', 'dikoleksi']","['gim', 'mudah', 'main', 'pilih', 'hero', 'pakai', 'koleksi']"
58,"game nya bagus sekali grafiknya bagus banget untuk ukuran game ringan, permainan sangat asik. Sehat selalu moonton","game nya bagus sekali grafiknya bagus banget untuk ukuran game ringan, permainan sangat asik. sehat selalu moonton",game nya bagus sekali grafiknya bagus banget untuk ukuran game ringan permainan sangat asik sehat selalu moonton,"['game', 'nya', 'bagus', 'sekali', 'grafiknya', 'bagus', 'banget', 'untuk', 'ukuran', 'game', 'ringan', 'permainan', 'sangat', 'asik', 'sehat', 'selalu', 'moonton']",<FreqDist with 15 samples and 17 outcomes>,"['grafiknya', 'banget', 'ukuran', 'permainan', 'asik', 'sehat']","['grafiknya', 'banget', 'ukuran', 'permainan', 'seru,', 'sehat']","['grafik', 'banget', 'ukur', 'main', 'seru', 'sehat']"
59,game mobile legends adalah game terbaik yang saya mainkan dari awal rilis sampe sekarang,game mobile legends adalah game terbaik yang saya mainkan dari awal rilis sampe sekarang,game mobile legends adalah game terbaik yang saya mainkan dari awal rilis sampe sekarang,"['game', 'mobile', 'legends', 'adalah', 'game', 'terbaik', 'yang', 'saya', 'mainkan', 'dari', 'awal', 'rilis', 'sampe', 'sekarang']",<FreqDist with 13 samples and 14 outcomes>,"['terbaik', 'mainkan', 'rilis', 'sampe']","['terbaik', 'mainkan', 'rilis', 'sampai,']","['baik', 'main', 'rilis', 'sampai']"
60,mlbb sangat keren bagus. Banyak skin gratis yang dapat diperoleh dari event tertentu. Heronya jg bnyak,mlbb sangat keren bagus. banyak skin gratis yang dapat diperoleh dari event tertentu. heronya jg bnyak,mlbb sangat keren bagus banyak skin gratis yang dapat diperoleh dari event tertentu heronya jg bnyak,"['mlbb', 'sangat', 'keren', 'bagus', 'banyak', 'skin', 'gratis', 'yang', 'dapat', 'diperoleh', 'dari', 'event', 'tertentu', 'heronya', 'jg', 'bnyak']",<FreqDist with 16 samples and 16 outcomes>,"['keren', 'gratis', 'diperoleh', 'event', 'heronya', 'jg', 'bnyak']","['keren', 'gratis', 'diperoleh', 'kegiatan,', 'heronya', 'juga,', 'bnyak']","['keren', 'gratis', 'oleh', 'giat', 'hero', 'juga', 'bnyak']"
61,saya seneng banget main game ini selalu saya mainkan setiap saat dengan grafik yang semakin bagus,saya seneng banget main game ini selalu saya mainkan setiap saat dengan grafik yang semakin bagus,saya seneng banget main game ini selalu saya mainkan setiap saat dengan grafik yang semakin bagus,"['saya', 'seneng', 'banget', 'main', 'game', 'ini', 'selalu', 'saya', 'mainkan', 'setiap', 'saat', 'dengan', 'grafik', 'yang', 'semakin', 'bagus']",<FreqDist with 15 samples and 16 outcomes>,"['seneng', 'banget', 'mainkan', 'grafik']","['senang,', 'banget', 'mainkan', 'grafik']","['senang', 'banget', 'main', 'grafik']"
62,game nya keren palagi sekarang sedang ada event yg sangat menarik,game nya keren palagi sekarang sedang ada event yg sangat menarik,game nya keren palagi sekarang sedang ada event yg sangat menarik,"['game', 'nya', 'keren', 'palagi', 'sekarang', 'sedang', 'ada', 'event', 'yg', 'sangat', 'menarik']",<FreqDist with 11 samples and 11 outcomes>,"['keren', 'palagi', 'event', 'menarik']","['keren', 'palagi', 'kegiatan,', 'menarik']","['keren', 'palagi', 'giat', 'tarik']"
63,setelah update keren. Jaringan stabil grafik mantap. Rekan satu tim juga udah seimbang luar biasa,setelah update keren. jaringan stabil grafik mantap. rekan satu tim juga udah seimbang luar biasa,setelah update keren jaringan stabil grafik mantap rekan satu tim juga udah seimbang luar biasa,"['setelah', 'update', 'keren', 'jaringan', 'stabil', 'grafik', 'mantap', 'rekan', 'satu', 'tim', 'juga', 'udah', 'seimbang', 'luar', 'biasa']",<FreqDist with 15 samples and 15 outcomes>,"['keren', 'jaringan', 'stabil', 'grafik', 'mantap', 'rekan', 'tim', 'seimbang']","['keren', 'jaringan', 'stabil', 'grafik', 'mantap', 'teman,', 'tim', 'seimbang']","['keren', 'jaring', 'stabil', 'grafik', 'mantap', 'teman', 'tim', 'imbang']"
64,game bagus banget dan grafis juga keren. Yg gak download rugi banget tidak boros baterai. Saya kasih bintang 5 karena terbukti bagus dan nyaman saat dimainkan,game bagus banget dan grafis juga keren. yg gak download rugi banget tidak boros baterai. saya kasih bintang 5 karena terbukti bagus dan nyaman saat dimainkan,game bagus banget dan grafis juga keren yg gak download rugi banget tidak boros baterai saya kasih bintang karena terbukti bagus dan nyaman saat dimainkan,"['game', 'bagus', 'banget', 'dan', 'grafis', 'juga', 'keren', 'yg', 'gak', 'download', 'rugi', 'banget', 'tidak', 'boros', 'baterai', 'saya', 'kasih', 'bintang', 'karena', 'terbukti', 'bagus', 'dan', 'nyaman', 'saat', 'dimainkan']",<FreqDist with 22 samples and 25 outcomes>,"['banget', 'keren', 'gak', 'rugi', 'banget', 'boros', 'baterai', 'terbukti', 'dimainkan']","['banget', 'keren', 'tidak,', 'rugi', 'banget', 'boros', 'baterai', 'terbukti', 'dimainkan']","['banget', 'keren', 'tidak', 'rugi', 'banget', 'boros', 'baterai', 'bukti', 'main']"
65,saya sangat senang untuk bermain game ini karena dapat mengisi waktu luang saya. Game nya keren deh pokoknya semangat terus moonton,saya sangat senang untuk bermain game ini karena dapat mengisi waktu luang saya. game nya keren deh pokoknya semangat terus moonton,saya sangat senang untuk bermain game ini karena dapat mengisi waktu luang saya game nya keren deh pokoknya semangat terus moonton,"['saya', 'sangat', 'senang', 'untuk', 'bermain', 'game', 'ini', 'karena', 'dapat', 'mengisi', 'waktu', 'luang', 'saya', 'game', 'nya', 'keren', 'deh', 'pokoknya', 'semangat', 'terus', 'moonton']",<FreqDist with 19 samples and 21 outcomes>,"['senang', 'mengisi', 'luang', 'keren', 'deh', 'semangat']","['senang', 'mengisi', 'luang', 'keren', 'deh', 'semangat']","['senang', 'isi', 'luang', 'keren', 'deh', 'semangat']"
66,wah permainan ini sangatlah keren dan menyengankan. Saya sudah menang beberapa kali. Terima kasih sudah membuat game yg sangat keren ini,wah permainan ini sangatlah keren dan menyengankan. saya sudah menang beberapa kali. terima kasih sudah membuat game yg sangat keren ini,wah permainan ini sangatlah keren dan menyengankan saya sudah menang beberapa kali terima kasih sudah membuat game yg sangat keren ini,"['wah', 'permainan', 'ini', 'sangatlah', 'keren', 'dan', 'menyengankan', 'saya', 'sudah', 'menang', 'beberapa', 'kali', 'terima', 'kasih', 'sudah', 'membuat', 'game', 'yg', 'sangat', 'keren', 'ini']",<FreqDist with 18 samples and 21 outcomes>,"['permainan', 'keren', 'menyengankan', 'menang', 'keren']","['permainan', 'keren', 'menyengankan', 'menang', 'keren']","['main', 'keren', 'menyengankan', 'menang', 'keren']"
67,"masih menjadi game seru sampai saat ini, apalagi sekarang event event gratis banyak banget makin buat pemain betah memainkannya","masih menjadi game seru sampai saat ini, apalagi sekarang event event gratis banyak banget makin buat pemain betah memainkannya",masih menjadi game seru sampai saat ini apalagi sekarang event event gratis banyak banget makin buat pemain betah memainkannya,"['masih', 'menjadi', 'game', 'seru', 'sampai', 'saat', 'ini', 'apalagi', 'sekarang', 'event', 'event', 'gratis', 'banyak', 'banget', 'makin', 'buat', 'pemain', 'betah', 'memainkannya']",<FreqDist with 18 samples and 19 outcomes>,"['seru', 'event', 'event', 'gratis', 'banget', 'pemain', 'betah', 'memainkannya']","['seru', 'kegiatan,', 'kegiatan,', 'gratis', 'banget', 'pemain,', 'nyaman,', 'memainkannya']","['seru', 'giat', 'giat', 'gratis', 'banget', 'main', 'nyaman', 'main']"
68,selain melatih komunikasi. Manfaat mobile legend adalah mengajarkan lo pentingnya kerja sama tim. Dan ini sangat berguna pada kehidupan sehari hari,selain melatih komunikasi. manfaat mobile legend adalah mengajarkan lo pentingnya kerja sama tim. dan ini sangat berguna pada kehidupan sehari hari,selain melatih komunikasi manfaat mobile legend adalah mengajarkan lo pentingnya kerja sama tim dan ini sangat berguna pada kehidupan sehari hari,"['selain', 'melatih', 'komunikasi', 'manfaat', 'mobile', 'legend', 'adalah', 'mengajarkan', 'lo', 'pentingnya', 'kerja', 'sama', 'tim', 'dan', 'ini', 'sangat', 'berguna', 'pada', 'kehidupan', 'sehari', 'hari']",<FreqDist with 21 samples and 21 outcomes>,"['melatih', 'komunikasi', 'manfaat', 'mengajarkan', 'kerja', 'tim', 'berguna', 'kehidupan', 'sehari']","['melatih', 'komunikasi', 'manfaat', 'mengajarkan', 'kerja', 'tim', 'berguna', 'kehidupan', 'sehari']","['latih', 'komunikasi', 'manfaat', 'ajar', 'kerja', 'tim', 'guna', 'hidup', 'hari']"
69,gamenya bagus dan seru. Banyak hero yg bisa dimainkian. Grafik semakin bagus dari dulu,gamenya bagus dan seru. banyak hero yg bisa dimainkian. grafik semakin bagus dari dulu,gamenya bagus dan seru banyak hero yg bisa dimainkian grafik semakin bagus dari dulu,"['gamenya', 'bagus', 'dan', 'seru', 'banyak', 'hero', 'yg', 'bisa', 'dimainkian', 'grafik', 'semakin', 'bagus', 'dari', 'dulu']",<FreqDist with 13 samples and 14 outcomes>,"['gamenya', 'seru', 'hero', 'dimainkian', 'grafik']","['gim,', 'seru', 'hero', 'dimainkian', 'grafik']","['gim', 'seru', 'hero', 'dimainkian', 'grafik']"
70,sangat seru saya suka dengan game ini karena bisa bermain bersama teman. Dan juga game ini memiliki grafis yang bagus dan bisa diatur,sangat seru saya suka dengan game ini karena bisa bermain bersama teman. dan juga game ini memiliki grafis yang bagus dan bisa diatur,sangat seru saya suka dengan game ini karena bisa bermain bersama teman dan juga game ini memiliki grafis yang bagus dan bisa diatur,"['sangat', 'seru', 'saya', 'suka', 'dengan', 'game', 'ini', 'karena', 'bisa', 'bermain', 'bersama', 'teman', 'dan', 'juga', 'game', 'ini', 'memiliki', 'grafis', 'yang', 'bagus', 'dan', 'bisa', 'diatur']",<FreqDist with 19 samples and 23 outcomes>,"['seru', 'suka', 'teman', 'memiliki', 'diatur']","['seru', 'suka', 'teman', 'memiliki', 'diatur']","['seru', 'suka', 'teman', 'milik', 'atur']"
71,game ini seru banget bisa main bersam teman dan bisa dapat teman yang banyak dari gameini dan juga bisa menghasilkan bnyak uang dari game ini,game ini seru banget bisa main bersam teman dan bisa dapat teman yang banyak dari gameini dan juga bisa menghasilkan bnyak uang dari game ini,game ini seru banget bisa main bersam teman dan bisa dapat teman yang banyak dari gameini dan juga bisa menghasilkan bnyak uang dari game ini,"['game', 'ini', 'seru', 'banget', 'bisa', 'main', 'bersam', 'teman', 'dan', 'bisa', 'dapat', 'teman', 'yang', 'banyak', 'dari', 'gameini', 'dan', 'juga', 'bisa', 'menghasilkan', 'bnyak', 'uang', 'dari', 'game', 'ini']",<FreqDist with 18 samples and 25 outcomes>,"['seru', 'banget', 'bersam', 'teman', 'teman', 'gameini', 'menghasilkan', 'bnyak']","['seru', 'banget', 'bersam', 'teman', 'teman', 'gameini', 'menghasilkan', 'bnyak']","['seru', 'banget', 'bersam', 'teman', 'teman', 'gameini', 'hasil', 'bnyak']"
72,"game ini direkomendasikan untuk dimainkan, arena banyak dan heronya banyak dan keren bagus banget","game ini direkomendasikan untuk dimainkan, arena banyak dan heronya banyak dan keren bagus banget",game ini direkomendasikan untuk dimainkan arena banyak dan heronya banyak dan keren bagus banget,"['game', 'ini', 'direkomendasikan', 'untuk', 'dimainkan', 'arena', 'banyak', 'dan', 'heronya', 'banyak', 'dan', 'keren', 'bagus', 'banget']",<FreqDist with 12 samples and 14 outcomes>,"['direkomendasikan', 'dimainkan', 'arena', 'heronya', 'keren', 'banget']","['direkomendasikan', 'dimainkan', 'arena', 'heronya', 'keren', 'banget']","['rekomendasi', 'main', 'arena', 'hero', 'keren', 'banget']"
73,game play aman buat main enjoy grafik bagus,game play aman buat main enjoy grafik bagus,game play aman buat main enjoy grafik bagus,"['game', 'play', 'aman', 'buat', 'main', 'enjoy', 'grafik', 'bagus']",<FreqDist with 8 samples and 8 outcomes>,"['play', 'aman', 'enjoy', 'grafik']","['play', 'aman', 'enjoy', 'grafik']","['play', 'aman', 'enjoy', 'grafik']"
74,"gamenya sangat bagus dan keren. Saya suka sekali game ini karena mengajarkan kita untuk terus berjuang dan pantang menyerah, game mudah dipahami secara cepat","gamenya sangat bagus dan keren. saya suka sekali game ini karena mengajarkan kita untuk terus berjuang dan pantang menyerah, game mudah dipahami secara cepat",gamenya sangat bagus dan keren saya suka sekali game ini karena mengajarkan kita untuk terus berjuang dan pantang menyerah game mudah dipahami secara cepat,"['gamenya', 'sangat', 'bagus', 'dan', 'keren', 'saya', 'suka', 'sekali', 'game', 'ini', 'karena', 'mengajarkan', 'kita', 'untuk', 'terus', 'berjuang', 'dan', 'pantang', 'menyerah', 'game', 'mudah', 'dipahami', 'secara', 'cepat']",<FreqDist with 22 samples and 24 outcomes>,"['gamenya', 'keren', 'suka', 'mengajarkan', 'berjuang', 'pantang', 'menyerah', 'mudah', 'dipahami', 'cepat']","['gim,', 'keren', 'suka', 'mengajarkan', 'berjuang', 'pantang', 'menyerah', 'mudah', 'dipahami', 'cepat']","['gim', 'keren', 'suka', 'ajar', 'juang', 'pantang', 'serah', 'mudah', 'paham', 'cepat']"
75,bagus. Saya suka desainnya saya suka model skin dan heronya. Penggunaannya juga gampang tidak ribe cara pemakaiannya.,bagus. saya suka desainnya saya suka model skin dan heronya. penggunaannya juga gampang tidak ribe cara pemakaiannya.,bagus saya suka desainnya saya suka model skin dan heronya penggunaannya juga gampang tidak ribe cara pemakaiannya,"['bagus', 'saya', 'suka', 'desainnya', 'saya', 'suka', 'model', 'skin', 'dan', 'heronya', 'penggunaannya', 'juga', 'gampang', 'tidak', 'ribe', 'cara', 'pemakaiannya']",<FreqDist with 15 samples and 17 outcomes>,"['suka', 'desainnya', 'suka', 'model', 'heronya', 'penggunaannya', 'gampang', 'ribe', 'pemakaiannya']","['suka', 'desainnya', 'suka', 'model', 'heronya', 'penggunaannya', 'gampang', 'ribe', 'pemakaiannya']","['suka', 'desain', 'suka', 'model', 'hero', 'guna', 'gampang', 'ribe', 'pakai']"
76,saya suka game ini. Terima kasih sudah membuat waktu luangku menjafi lebih baik dan menyenangkan,saya suka game ini. terima kasih sudah membuat waktu luangku menjafi lebih baik dan menyenangkan,saya suka game ini terima kasih sudah membuat waktu luangku menjafi lebih baik dan menyenangkan,"['saya', 'suka', 'game', 'ini', 'terima', 'kasih', 'sudah', 'membuat', 'waktu', 'luangku', 'menjafi', 'lebih', 'baik', 'dan', 'menyenangkan']",<FreqDist with 15 samples and 15 outcomes>,"['suka', 'luangku', 'menjafi', 'menyenangkan']","['suka', 'luangku', 'menjafi', 'menyenangkan']","['suka', 'luang', 'menjafi', 'senang']"
77,Gem nya sangat bagus,gem nya sangat bagus,gem nya sangat bagus,"['gem', 'nya', 'sangat', 'bagus']",<FreqDist with 4 samples and 4 outcomes>,['gem'],"['gim,']",['gim']
78,Karena bagus dan cantik banget karakter nya,karena bagus dan cantik banget karakter nya,karena bagus dan cantik banget karakter nya,"['karena', 'bagus', 'dan', 'cantik', 'banget', 'karakter', 'nya']",<FreqDist with 7 samples and 7 outcomes>,"['cantik', 'banget', 'karakter']","['cantik', 'banget', 'karakter']","['cantik', 'banget', 'karakter']"
79,Game nya bagus banget dari segi gamplay grafik mekanik recomende sihðŸ‘ðŸ‘ðŸ‘,game nya bagus banget dari segi gamplay grafik mekanik recomende sihðÿ‘ðÿ‘ðÿ‘,game nya bagus banget dari segi gamplay grafik mekanik recomende sih,"['game', 'nya', 'bagus', 'banget', 'dari', 'segi', 'gamplay', 'grafik', 'mekanik', 'recomende', 'sih']",<FreqDist with 11 samples and 11 outcomes>,"['banget', 'segi', 'gamplay', 'grafik', 'mekanik', 'recomende']","['banget', 'segi,', 'gamplay', 'grafik', 'mekanik', 'recomende']","['banget', 'segi', 'gamplay', 'grafik', 'mekanik', 'recomende']"
80,gamenya jujur seru banget. Sampe ketagihan sih mainnya. Karena dari segi grafik bagus nyaman semagat terus pak moonton,gamenya jujur seru banget. sampe ketagihan sih mainnya. karena dari segi grafik bagus nyaman semagat terus pak moonton,gamenya jujur seru banget sampe ketagihan sih mainnya karena dari segi grafik bagus nyaman semagat terus pak moonton,"['gamenya', 'jujur', 'seru', 'banget', 'sampe', 'ketagihan', 'sih', 'mainnya', 'karena', 'dari', 'segi', 'grafik', 'bagus', 'nyaman', 'semagat', 'terus', 'pak', 'moonton']",<FreqDist with 18 samples and 18 outcomes>,"['gamenya', 'jujur', 'seru', 'banget', 'sampe', 'ketagihan', 'mainnya', 'segi', 'grafik', 'semagat']","['gim,', 'jujur', 'seru', 'banget', 'sampai,', 'ketagihan', 'mainnya', 'segi,', 'grafik', 'semagat']","['gim', 'jujur', 'seru', 'banget', 'sampai', 'tagih', 'main', 'segi', 'grafik', 'semagat']"
81,game yang sangat bagus untuk melatih kewarasan,game yang sangat bagus untuk melatih kewarasan,game yang sangat bagus untuk melatih kewarasan,"['game', 'yang', 'sangat', 'bagus', 'untuk', 'melatih', 'kewarasan']",<FreqDist with 7 samples and 7 outcomes>,"['melatih', 'kewarasan']","['melatih', 'kewarasan']","['latih', 'waras']"
82,"permainannya bagus saya suka, bisa dimainnkan walaupun data mati","permainannya bagus saya suka, bisa dimainnkan walaupun data mati",permainannya bagus saya suka bisa dimainnkan walaupun data mati,"['permainannya', 'bagus', 'saya', 'suka', 'bisa', 'dimainnkan', 'walaupun', 'data', 'mati']",<FreqDist with 9 samples and 9 outcomes>,"['permainannya', 'suka', 'dimainnkan']","['permainannya', 'suka', 'dimainnkan']","['main', 'suka', 'dimainnkan']"
83,permainanya sangat bagus eventnya juga menarik ditambah lagi grafiknya bagus banget kalian gak bakal nyesel downloadnya,permainanya sangat bagus eventnya juga menarik ditambah lagi grafiknya bagus banget kalian gak bakal nyesel downloadnya,permainanya sangat bagus eventnya juga menarik ditambah lagi grafiknya bagus banget kalian gak bakal nyesel downloadnya,"['permainanya', 'sangat', 'bagus', 'eventnya', 'juga', 'menarik', 'ditambah', 'lagi', 'grafiknya', 'bagus', 'banget', 'kalian', 'gak', 'bakal', 'nyesel', 'downloadnya']",<FreqDist with 15 samples and 16 outcomes>,"['permainanya', 'eventnya', 'menarik', 'ditambah', 'grafiknya', 'banget', 'gak', 'nyesel', 'downloadnya']","['permainanya', 'eventnya', 'menarik', 'ditambah', 'grafiknya', 'banget', 'tidak,', 'nyesel', 'downloadnya']","['permainanya', 'eventnya', 'tarik', 'tambah', 'grafik', 'banget', 'tidak', 'nyesel', 'downloadnya']"
84,Game nya seruðŸ˜ŠðŸ˜ŠðŸ˜ŠðŸ˜Šâ¤â¤â¤ðŸ˜ŽðŸ˜ŽðŸ˜ðŸ¤©,game nya seruðÿ˜šðÿ˜šðÿ˜šðÿ˜šâ¤â¤â¤ðÿ˜žðÿ˜žðÿ˜ðÿ¤©,game nya seru,"['game', 'nya', 'seru']",<FreqDist with 3 samples and 3 outcomes>,['seru'],['seru'],['seru']
85,bagus sekali,bagus sekali,bagus sekali,"['bagus', 'sekali']",<FreqDist with 2 samples and 2 outcomes>,[],[],[]
86,Bagus kok game ya,bagus kok game ya,bagus kok game ya,"['bagus', 'kok', 'game', 'ya']",<FreqDist with 4 samples and 4 outcomes>,[],[],[]
87,game moba yang menurut saya paling keren dan kece. Even yang selalu update dan ganti setiap bulan jadi bikin pengguna tidak bosan,game moba yang menurut saya paling keren dan kece. even yang selalu update dan ganti setiap bulan jadi bikin pengguna tidak bosan,game moba yang menurut saya paling keren dan kece even yang selalu update dan ganti setiap bulan jadi bikin pengguna tidak bosan,"['game', 'moba', 'yang', 'menurut', 'saya', 'paling', 'keren', 'dan', 'kece', 'even', 'yang', 'selalu', 'update', 'dan', 'ganti', 'setiap', 'bulan', 'jadi', 'bikin', 'pengguna', 'tidak', 'bosan']",<FreqDist with 20 samples and 22 outcomes>,"['moba', 'keren', 'kece', 'ganti', 'bikin', 'pengguna', 'bosan']","['moba', 'keren', 'kece', 'ganti', 'buat,', 'pengguna', 'bosan']","['moba', 'keren', 'kece', 'ganti', 'buat', 'guna', 'bosan']"
88,Aku suka game ini,aku suka game ini,aku suka game ini,"['aku', 'suka', 'game', 'ini']",<FreqDist with 4 samples and 4 outcomes>,['suka'],['suka'],['suka']
89,grafiknya cantik dan jernih. Gamennya tidak terlalu menguras baterai dan bagus,grafiknya cantik dan jernih. gamennya tidak terlalu menguras baterai dan bagus,grafiknya cantik dan jernih gamennya tidak terlalu menguras baterai dan bagus,"['grafiknya', 'cantik', 'dan', 'jernih', 'gamennya', 'tidak', 'terlalu', 'menguras', 'baterai', 'dan', 'bagus']",<FreqDist with 10 samples and 11 outcomes>,"['grafiknya', 'cantik', 'jernih', 'gamennya', 'menguras', 'baterai']","['grafiknya', 'cantik', 'jernih', 'gamennya', 'menguras', 'baterai']","['grafik', 'cantik', 'jernih', 'gamennya', 'uras', 'baterai']"
90,pengalaman saya yang paling menabjubkan setelah update grafik makin bagus jaringan pun bgus. Even sangat berkesan pada saya terima kasih,pengalaman saya yang paling menabjubkan setelah update grafik makin bagus jaringan pun bgus. even sangat berkesan pada saya terima kasih,pengalaman saya yang paling menabjubkan setelah update grafik makin bagus jaringan pun bgus even sangat berkesan pada saya terima kasih,"['pengalaman', 'saya', 'yang', 'paling', 'menabjubkan', 'setelah', 'update', 'grafik', 'makin', 'bagus', 'jaringan', 'pun', 'bgus', 'even', 'sangat', 'berkesan', 'pada', 'saya', 'terima', 'kasih']",<FreqDist with 19 samples and 20 outcomes>,"['pengalaman', 'menabjubkan', 'grafik', 'jaringan', 'bgus', 'berkesan']","['pengalaman', 'menabjubkan', 'grafik', 'jaringan', 'bagus,', 'berkesan']","['alam', 'menabjubkan', 'grafik', 'jaring', 'bagus', 'kesan']"
91,ini game nya seru banget,ini game nya seru banget,ini game nya seru banget,"['ini', 'game', 'nya', 'seru', 'banget']",<FreqDist with 5 samples and 5 outcomes>,"['seru', 'banget']","['seru', 'banget']","['seru', 'banget']"
92,Wow game ini sangat seru yah,wow game ini sangat seru yah,wow game ini sangat seru yah,"['wow', 'game', 'ini', 'sangat', 'seru', 'yah']",<FreqDist with 6 samples and 6 outcomes>,"['wow', 'seru']","['wow', 'seru']","['wow', 'seru']"
93,gamenya sudah membuat banyak kenangan yang sangat menyenangkan bersama teman. Dari segi gafik keren hero banyak,gamenya sudah membuat banyak kenangan yang sangat menyenangkan bersama teman. dari segi gafik keren hero banyak,gamenya sudah membuat banyak kenangan yang sangat menyenangkan bersama teman dari segi gafik keren hero banyak,"['gamenya', 'sudah', 'membuat', 'banyak', 'kenangan', 'yang', 'sangat', 'menyenangkan', 'bersama', 'teman', 'dari', 'segi', 'gafik', 'keren', 'hero', 'banyak']",<FreqDist with 15 samples and 16 outcomes>,"['gamenya', 'kenangan', 'menyenangkan', 'teman', 'segi', 'gafik', 'keren', 'hero']","['gim,', 'kenangan', 'menyenangkan', 'teman', 'segi,', 'gafik', 'keren', 'hero']","['gim', 'kenang', 'senang', 'teman', 'segi', 'gafik', 'keren', 'hero']"
94,sangat menghibur dan sangat seru oertahankan kualitas game seperti ini sangat bergembira saat bermain game game dan skill para hero,sangat menghibur dan sangat seru oertahankan kualitas game seperti ini sangat bergembira saat bermain game game dan skill para hero,sangat menghibur dan sangat seru oertahankan kualitas game seperti ini sangat bergembira saat bermain game game dan skill para hero,"['sangat', 'menghibur', 'dan', 'sangat', 'seru', 'oertahankan', 'kualitas', 'game', 'seperti', 'ini', 'sangat', 'bergembira', 'saat', 'bermain', 'game', 'game', 'dan', 'skill', 'para', 'hero']",<FreqDist with 15 samples and 20 outcomes>,"['menghibur', 'seru', 'oertahankan', 'kualitas', 'bergembira', 'skill', 'hero']","['menghibur', 'seru', 'oertahankan', 'kualitas', 'bergembira', 'skill', 'hero']","['hibur', 'seru', 'oertahankan', 'kualitas', 'gembira', 'skill', 'hero']"
95,Keren.,keren.,keren,['keren'],<FreqDist with 1 samples and 1 outcomes>,['keren'],['keren'],['keren']
96,keseluruhan sangat bagus. Bisa untuk berpikit strategis dan tidak egois. Visualnya pun sangat bagus,keseluruhan sangat bagus. bisa untuk berpikit strategis dan tidak egois. visualnya pun sangat bagus,keseluruhan sangat bagus bisa untuk berpikit strategis dan tidak egois visualnya pun sangat bagus,"['keseluruhan', 'sangat', 'bagus', 'bisa', 'untuk', 'berpikit', 'strategis', 'dan', 'tidak', 'egois', 'visualnya', 'pun', 'sangat', 'bagus']",<FreqDist with 12 samples and 14 outcomes>,"['berpikit', 'strategis', 'egois', 'visualnya']","['berpikit', 'strategis', 'egois', 'visualnya']","['berpikit', 'strategis', 'egois', 'visual']"
97,WAW GAMENYA SERU BANGET MAIN AMA TEMEN 5 HARI KALAH TERUS.GAME YANG SANGAT SERU AKU INGIN menang LAGI KARENA SANGAT SERU,waw gamenya seru banget main ama temen 5 hari kalah terus.game yang sangat seru aku ingin menang lagi karena sangat seru,waw gamenya seru banget main ama temen hari kalah terus game yang sangat seru aku ingin menang lagi karena sangat seru,"['waw', 'gamenya', 'seru', 'banget', 'main', 'ama', 'temen', 'hari', 'kalah', 'terus', 'game', 'yang', 'sangat', 'seru', 'aku', 'ingin', 'menang', 'lagi', 'karena', 'sangat', 'seru']",<FreqDist with 18 samples and 21 outcomes>,"['waw', 'gamenya', 'seru', 'banget', 'temen', 'kalah', 'seru', 'menang', 'seru']","['waw', 'gim,', 'seru', 'banget', 'teman,', 'kalah', 'seru', 'menang', 'seru']","['waw', 'gim', 'seru', 'banget', 'teman', 'kalah', 'seru', 'menang', 'seru']"
98,Seru banget dan ketagihan mabar mulu deh,seru banget dan ketagihan mabar mulu deh,seru banget dan ketagihan mabar mulu deh,"['seru', 'banget', 'dan', 'ketagihan', 'mabar', 'mulu', 'deh']",<FreqDist with 7 samples and 7 outcomes>,"['seru', 'banget', 'ketagihan', 'mulu', 'deh']","['seru', 'banget', 'ketagihan', 'melulu,', 'deh']","['seru', 'banget', 'tagih', 'melulu', 'deh']"
99,Game nya bagus sekali sangat bermanfaat untuk melatih kesabaran,game nya bagus sekali sangat bermanfaat untuk melatih kesabaran,game nya bagus sekali sangat bermanfaat untuk melatih kesabaran,"['game', 'nya', 'bagus', 'sekali', 'sangat', 'bermanfaat', 'untuk', 'melatih', 'kesabaran']",<FreqDist with 9 samples and 9 outcomes>,"['bermanfaat', 'melatih', 'kesabaran']","['bermanfaat', 'melatih', 'kesabaran']","['manfaat', 'latih', 'sabar']"
100,sangat ku suka,sangat ku suka,sangat ku suka,"['sangat', 'ku', 'suka']",<FreqDist with 3 samples and 3 outcomes>,['suka'],['suka'],['suka']
